file_name,model,method,dataset,date,owner,notes
integrity_evaluation_plan.md,n/a,integrity_framework_planning,hh,2026-04-07,Heather Bowman,"Week 1: docs/integrity_evaluation_plan.md — helpfulness retention, refusal rate, semantic consistency; toxicity vs integrity framework. Work log: logs/week1_integrity_framework_metrics_work_log.md."
hh_baseline.csv,distilgpt2,baseline,hh,2026-04-07,Heather Bowman,"Week 2: HH generations under baseline personality only; run_hh_baseline_eval.py or run_generation.py configs/hh_baseline.yaml. Work log: logs/week2_hh_baseline_helpfulness_validation_work_log.md."
hh_baseline_integrity.csv,distilgpt2,baseline,hh,2026-04-07,Heather Bowman,"Week 2: helpfulness_token_jaccard + refusal_rule_based vs reference_reply before Detoxify; score_integrity_hh.py. Includes terminal metric validation."
hh_tradeoff_summary.csv,distilgpt2,multi_personality_hh,hh,2026-04-07,Heather Bowman,"Week 3: per-condition mean Detoxify toxicity + helpfulness Jaccard + refusal rate; build_tradeoff_tables.py after HH generation + score_detoxify hh_ + run_integrity_all_hh. Work log: logs/week3_integrity_all_methods_tradeoff_work_log.md."
hh_tradeoff_summary.md,distilgpt2,multi_personality_hh,hh,2026-04-07,Heather Bowman,"Week 3: Markdown table version of hh_tradeoff_summary.csv; same pipeline. Work log: logs/week3_integrity_all_methods_tradeoff_work_log.md."
detox_integrity_analysis.csv,distilgpt2,detox_vs_baseline,hh,2026-04-07,Heather Bowman,"Week 4: aggregate deltas vs baseline per detox_methods in configs/detox_conditions.yaml; analyze_detox_integrity.py. Work log: logs/week4_integrity_qualitative_work_log.md."
detox_integrity_analysis.md,distilgpt2,detox_vs_baseline,hh,2026-04-07,Heather Bowman,"Week 4: Markdown table mirror of detox_integrity_analysis.csv."
qualitative_examples.md,distilgpt2,detox_vs_baseline,hh,2026-04-07,Heather Bowman,"Week 4: qualitative win-win / tradeoff / integrity-loss excerpts; analyze_detox_integrity.py. Work log: logs/week4_integrity_qualitative_work_log.md."
week5_synthesis_presentation_work_log.md,n/a,synthesis_presentation,hh,2026-04-07,Heather Bowman,"Week 5: checklist for final tradeoff + integrity conclusions and presentation; no new pipeline. logs/week5_synthesis_presentation_work_log.md."
